{
    "versioncode": "0", 
    "scenes": [
        {
            "patch": [], 
            "order": 0, 
            "groups": [
                "boot"
            ], 
            "name": "boot_scene"
        }
    ], 
    "groups": [
        {
            "path": "group/boot.gip", 
            "size": 6929740, 
            "res": [
                "assets/GPlayConfig.xml",
                "assets/rescale_icon.png",
                "assets/stop_icon.png",
                "assets/zoom_in_icon.png",
                "assets/bin/Data/0000000000000000f000000000000000.obb",
                "assets/bin/Data/5c35d09bbbfad5f4cb6149d39c4924ae.obb",
                "assets/bin/Data/6ef021160ac49cd409c67338b14f8941.obb",
                "assets/bin/Data/029bf286f7ef9d4438809e835b8a89b4.obb",
                "assets/bin/Data/59c0295ae728c7d4ca2c3d65e5f80f00.obb",
                "assets/bin/Data/80fac70f9e28939418fa3ac789053614.obb",
                "assets/bin/Data/0899a654c38a4a34381fdd65df5d9efd.obb",
                "assets/bin/Data/0439452e00b803a4b9c397d75819b16b.obb",
                "assets/bin/Data/671104df008073045b89b2d31828c6cb.obb",
                "assets/bin/Data/074261243748c0149be1cff4cd12acf0.obb",
                "assets/bin/Data/d0be0678c3159104897758ed52250230.obb",
                "assets/bin/Data/e897551acb6f7df42815ccc6a2feffdb.obb",
                "assets/bin/Data/f1ce83e643b99e446b9a27f6cc1b155e.obb",
                "assets/bin/Data/globalgamemanagers.assets.obb",
                "assets/bin/Data/globalgamemanagers.obb",
                "assets/bin/Data/level0.obb",
                "assets/bin/Data/level1.obb",
                "assets/bin/Data/level2.obb",
                "assets/bin/Data/PlayerConnectionConfigFile.obb",
                "assets/bin/Data/settings.xml",
                "assets/bin/Data/sharedassets0.assets.obb",
                "assets/bin/Data/sharedassets1.assets.obb",
                "assets/bin/Data/sharedassets2.assets.split0.obb",
                "assets/bin/Data/sharedassets1.assets.obb",
                "assets/bin/Data/sharedassets2.assets.split0.obb",
                "assets/bin/Data/sharedassets2.assets.split1.obb",
                "assets/bin/Data/sharedassets2.assets.split2.obb",
                "assets/bin/Data/sharedassets2.assets.split3.obb",
                "assets/bin/Data/sharedassets2.assets.split4.obb",
                "assets/bin/Data/splash.png.obb",
                "assets/bin/Data/unity default resources.obb",
                "assets/bin/Data/Managed/Assembly-CSharp.dll.mdb.obb",
                "assets/bin/Data/Managed/Assembly-CSharp.dll.obb",
                "assets/bin/Data/Managed/Mono.Security.dll.mdb.obb",
                "assets/bin/Data/Managed/Mono.Security.dll.obb",
                "assets/bin/Data/Managed/mscorlib.dll.mdb.obb",
                "assets/bin/Data/Managed/mscorlib.dll.obb",
                "assets/bin/Data/Managed/System.Core.dll.mdb.obb",
                "assets/bin/Data/Managed/System.Core.dll.obb",
                "assets/bin/Data/Managed/System.dll.mdb.obb",
                "assets/bin/Data/Managed/System.dll.obb",
                "assets/bin/Data/Managed/System.Xml.dll.mdb.obb",
                "assets/bin/Data/Managed/System.Xml.dll.obb",
                "assets/bin/Data/Managed/UnityEngine.dll.mdb.obb",
                "assets/bin/Data/Managed/UnityEngine.dll.obb",
                "assets/bin/Data/Managed/UnityEngine.Networking.dll.mdb.obb",
                "assets/bin/Data/Managed/UnityEngine.Networking.dll.obb",
                "assets/bin/Data/Managed/UnityEngine.UI.dll.mdb.obb",
                "assets/bin/Data/Managed/UnityEngine.UI.dll.obb",
                "assets/bin/Data/Resources/unity_builtin_extra.obb"
            ], 
            "name": "boot", 
            "md5": "aa58abbbbfffb0ea0c31465b0252c018"
        }
    ], 
    "deletes": []
}